"requirement_id","module","priority","implementation_state","requirement_and_acceptance","source_codes","qa_focus","known_gap_ids","test_case_ids","execution_status","defect_ids","owner","notes"
"NAV-01","Home, navigation, and routes","P1","I","Home shall show women/men hero content and matching links, with one active local video or still poster, manual slide selection and pause/play. Automatic change occurs about every six seconds while at least 10% visible, tab visible, unpaused and reduced motion disabled. Offscreen/hidden/paused media stops; reduced motion uses still imagery and manual selection.","HOME","Active-only playback, posters, manual selection, pause, offscreen/hidden tab, reduced motion","","","Not executed","","",""
"NAV-02","Home, navigation, and routes","P1","I","Two collection panels, seven category links, six editorial tiles and the blouse edit shall navigate to configured category/subcategory destinations. The compact homepage uses consistent typography/spacing and explicit demo copy; editorial tiles remain curated category links.","HOME","Every CTA/destination, 375/768/1440 widths, image loading","","","Not executed","","",""
"NAV-03","Home, navigation, and routes","P1","I","Desktop navigation shall expose seven categories and women's/men's subcategory/highlight menus, with pointer hover and keyboard-operable expanded-state disclosure controls. Escape closes menus; closed menu links are inert.","NAV, CATDEF","Hover, disclosure click/Enter, Escape, inert links, current route","","","Not executed","","",""
"NAV-04","Home, navigation, and routes","P1","I","Mobile navigation shall open/close, expose seven category links and expandable women's/men's clothing/highlight sections, and close after navigation or Escape.","NAV","Touch, narrow screen, subcategories, dismissal and focus restoration","","","Not executed","","",""
"NAV-05","Home, navigation, and routes","P1","I","Header shall expose account, search, favorites and cart; logo returns home. Active account/cart/search/mobile dialogs lock background scrolling, contain keyboard focus, and support Escape/close/backdrop dismissal with focus restoration; closed drawers are inert.","NAV, SHELL","Dialog roles, Tab/Shift+Tab, Escape, counts, scroll lock, focus restoration","","","Not executed","","",""
"NAV-06","Home, navigation, and routes","P1","I","English URLs and their legacy redirects/rewrites shall resolve to the intended page, including mapped legacy clothing slugs.","ROUTE","Direct URL, encoded query, redirect destination","","","Not executed","","",""
"NAV-07","Home, navigation, and routes","P1","I","Unknown product/subcategory routes shall reach not-found; storefront chrome shall be absent from admin pages.","ROUTE, DETAILROUTE, SHELL","Missing ID, route refresh, admin layout","","","Not executed","","",""
"CAT-01","Catalog listing","P1","I","Listings shall restrict products to the selected category/subcategory using configured English categories and normalized matching; women's and men's collections remain distinct.","LIST, CATDEF","All 14 database categories, alias/normalization cases","","","Not executed","","",""
"CAT-02","Catalog listing","P1","I","New Arrivals shall match tags containing new; Best Sellers shall match best/featured/populer tags; Collection shall include the main category. No sales ranking is implied.","LIST","Tags, main-category boundary, English/legacy slugs","","","Not executed","","",""
"CAT-03","Catalog listing","P1","I","Brand and size filters shall use distinct values in the current collection and combine with other selected filters; missing option groups shall not show unusable selectors.","LIST","Single and combined filters, missing metadata","","","Not executed","","",""
"CAT-04","Catalog listing","P1","I","Price filters shall apply inclusive displayed-currency min/max bounds through two sliders and suggested Under tiers; sliders shall not cross; currency changes clear price bounds.","LIST, CURRENCY","Boundary prices, tier rounding, currency change","","","Not executed","","",""
"CAT-05","Catalog listing","P1","I","In stock only shall keep unsized products with positive stock and sized products with available size stock; selected size shall constrain availability when stock rows exist.","LIST","Stock 0/1, mixed sizes, missing size rows","","","Not executed","","",""
"CAT-06","Catalog listing","P1","I","Sort shall offer Recommended, Price Low to High, Price High to Low, and New Arrivals; listing price ties use name; New Arrivals prioritizes new tags then date then name. Recommended retains incoming order.","LIST","Equal price/date, missing date/tag","","","Not executed","","",""
"CAT-07","Catalog listing","P1","I","Listing shall initially reveal at most 24 matches and load 24 more per click; count shall describe matching versus collection totals. Pending requests show Loading collection, distinct from genuine empty collections and no-filter-match results.","LIST","Pending request, 0/1/24/25/48/49 products, final batch, clear all","","","Not executed","","",""
"CAT-08","Catalog listing","P1","I","Listing shall use local products when Supabase is unconfigured or product fetch fails. Configured product and stock operations each have an eight-second deadline and cancel on cleanup. Product failure/timeout shows identified demo fallback and Retry collection; stock-only failure/timeout retains live products with availability warning and retry. Successful retry clears feedback; a successful empty product response stays empty. Fallback browsing does not establish working order/auth services.","LIST, DBCLIENT, CATREQUEST","Product/stock slow, error and empty responses; timeout, cancellation, retry, genuine empty versus demo fallback","","","Not executed","","",""
"SEA-01","Search","P1","I","Header search shall focus its field, trim input, ignore empty submission, encode the query, close the search UI and navigate to /search?q=….","NAV","Spaces, ampersand, Unicode, keyboard submit","","","Not executed","","",""
"SEA-02","Search","P1","I","Results shall combine case-insensitive name and category substring queries and deduplicate by product ID.","SEARCH, DBCLIENT","Name-only/category-only/both matches, case, no matches","","","Not executed","","",""
"SEA-03","Search","P2","P","Search shall show loading, query/count, results, and no-results states; explicit service-error/retry handling and clearing old results for a blank query are incomplete (G-15).","SEARCH","Slow/error responses, rapid query changes, blank after valid query","G-15","","Not executed","","",""
"PDP-01","Product cards and details","P1","I","Cards/detail shall present name, price, image, optional brand/tag/category and product links; detail uses applicable gallery thumbnails. Cards use consistent crops and responsive image sizes, show loading placeholders, and retain readable product information with Image unavailable feedback after photo failure.","CARD, DETAIL","Single/multiple/missing images, supported remote host, loading/failure state","G-08","","Not executed","","",""
"PDP-02","Product cards and details","P1","I","Verified color options shall expose named swatches and applicable images; selected color accompanies cart line. Products under /demo-products/ shall hide colors and use one demo photograph.","CARD, DETAIL","Color/image correspondence, no-color/demo fixtures","","","Not executed","","",""
"PDP-03","Product cards and details","P0","P","Sized products shall require a chosen available size before add; unavailable sizes are disabled. Missing stock rows and selecting an unavailable size for an alert need resolution (G-09).","DETAIL","No size, stock 0, missing row, mixed stock","G-09","","Not executed","","",""
"PDP-04","Product cards and details","P1","I","Detail quantity shall start at one, not decrease below one, clamp to known positive available stock, and disable add/increase when the known limit is reached.","DETAIL","1, stock limit, size change, unknown stock","","","Not executed","","",""
"PDP-05","Product cards and details","P2","I","Size guide shall open/close and show XS/S/M/L chest and waist references; it is a static clothing reference, not a product-specific shoe or XL/XXL guide.","DETAIL","Overlay dismissal and reference values","","","Not executed","","",""
"PDP-06","Product cards and details","P2","I","Detail shall offer one-open-at-a-time information panels for details, measurements, composition/care/origin, and shipping/exchanges/returns, using supplied text or generic fallback.","DETAIL","Open/switch/close, newline content, defaults","G-03","","Not executed","","",""
"PDP-07","Product cards and details","P2","I","Complete Your Look shall show up to eight other products whose category starts with the main category; the current product is excluded and an empty related section is hidden.","DETAIL","0/1/8 related items, links, horizontal scroll","","","Not executed","","",""
"PDP-08","Product cards and details","P1","I","In-stock unsized cards shall allow Add to bag; sized cards link to size selection; out-of-stock cards display unavailable status and omit purchase controls. Actions are visible on touch layouts and reveal on hover or keyboard focus on desktop; favorite controls remain visible with pressed state.","CARD","Sized/unsized/out-of-stock, guest prompt, touch/keyboard/hover actions","","","Not executed","","",""
"CUR-01","Currency and pricing display","P1","C","Storefront shall select USD for detected US country and INR for other countries; country headers take precedence over browser fallback (India time zone, America time zone, US language).","CURRENCY, REGION","Header precedence, absent country, browser fallbacks","","","Not executed","","",""
"CUR-02","Currency and pricing display","P1","C","USD display shall convert base INR through a valid positive rate, round to whole displayed units and use en-US formatting; INR uses rate one and en-IN. Rate fetch failure shall fall back to INR.","CURRENCY, REGION","Invalid/zero rate, network failure, rounding","","","Not executed","","",""
"CUR-03","Currency and pricing display","P0","I","Cart/detail/history shall use shared currency formatting; stored prices/order totals and admin monetary displays remain base INR. Conversion is presentation and does not establish USD settlement.","CURRENCY, CART, CHECKOUT, HISTORY, ADMIN","Base versus displayed totals, rate-dependent historical display","","","Not executed","","",""
"AUTH-01","Customer account","P1","C","Register shall collect required full name/email/password and call Supabase signup with name metadata; success switches to Sign In and explains email verification when applicable.","NAV, SCHEMA","Required/email validation, duplicate signup, provider policy","","","Not executed","","",""
"AUTH-02","Customer account","P0","I","Controlled password confirmation shall match the exact password before either development helper or Supabase signup. Blank confirmation is required; mismatch shows an alert and makes no create request. Confirmation clears on successful registration or account-tab change and is not sent to the provider.","NAV","Equal/unequal/blank confirmation, reveal toggle, request absence/payload, tab change","G-01","","Not executed","","",""
"AUTH-03","Customer account","P0","C","Sign In shall authenticate email/password, display failure, show loading, and close account panel on session success; protected customer actions become available.","NAV","Valid/wrong/unverified/expired account, repeat submit","","","Not executed","","",""
"AUTH-04","Customer account","P1","I","Password visibility shall toggle in account forms without changing the entered password; Sign In/Register tabs shall be available.","NAV","Toggle, switch tab, stale feedback","","","Not executed","","",""
"AUTH-05","Customer account","P1","P","Forgot Password shall require entered email and request a reset email; a complete new-password recovery screen/session handler is absent (G-02).","NAV","No email, provider error, reset link and recovery completion","G-02","","Not executed","","",""
"AUTH-06","Customer account","P0","C","Sign Out shall end customer session and clear in-memory favorites through auth updates; local cart currently remains.","NAV, FAV, CART","Reload, protected actions, account switch/cart boundary","","","Not executed","","",""
"AUTH-07","Customer account","P1","C","Development registration may first try confirmed-user creation; on failure/unavailability it shall fall back to normal signup. Production helper shall be disabled.","NAV, DEVUSER","Protected helper failure, normal signup, production","","","Not executed","","",""
"FAV-01","Favorites","P1","C","Signed-in customers shall toggle a product favorite from card/detail; stored user/product pair is unique and successful changes update icon/count.","FAV, CARD, DETAIL, SCHEMA","Toggle/add/remove, duplicate click, failed write","","","Not executed","","",""
"FAV-02","Favorites","P0","C","Favorites shall load for the current user and clear on sign-out; one customer must not read/change another customer's favorites.","FAV, SCHEMA","Two-account isolation, reload, direct database access","","","Not executed","","",""
"FAV-03","Favorites","P1","C","Favorites page shall display saved product cards/count, loading, and empty Discover Collection link; visitors attempting to favorite shall get an account prompt.","FAVORITESPAGE, FAV, NAV","Empty/deleted product, guest prompt, card navigation","","","Not executed","","",""
"CART-01","Cart","P0","I","Add shall require a customer session; a visitor receives an account prompt without addition; successful add opens drawer. The interrupted action is not automatically replayed after login.","CART, NAV","Guest/customer, post-login retry","G-10","","Not executed","","",""
"CART-02","Cart","P1","I","Lines shall be identified by product ID + size + color; missing/empty/null options normalize to null. Matching tuples merge quantities and differing options create distinct lines, including recovered legacy lines.","CART, CARTSTORE","Same/different options, null/missing color, repeated add, legacy restoration","","","Not executed","","",""
"CART-03","Cart","P1","I","Drawer shall show image/name/options/quantity/line total; plus/minus updates quantity; a quantity below one or explicit remove deletes the line.","CART, NAV","Remove at one, variant-specific deletion, total changes","","","Not executed","","",""
"CART-04","Cart","P0","P","Browser cart shall restore before writing els-cart. Malformed JSON/nonarrays recover to empty; invalid lines are removed while valid lines remain, with recovery feedback. Restored lines require nonempty display fields, supported photo URLs, finite nonnegative numeric prices, positive safe-integer quantities and valid options. Read/write storage failures keep an in-memory bag with a persistence notice. Account separation/sign-out clearing remain unresolved (G-10); no cart_items synchronization exists.","CART, CARTSTORE, NAV","Initial load/reload, mixed invalid rows, duplicate variants, unavailable/quota-limited storage, two accounts","G-10","","Not executed","","",""
"CART-05","Cart","P1","I","Item badge equals sum of quantities; base subtotal equals sum of stored line price × quantity, displayed through currency formatter. Checkout determines authoritative current prices.","CART, NAV, CHECKOUT","Multiple lines, rounding, changed database price","","","Not executed","","",""
"CART-06","Cart","P1","I","Empty drawer shall show Start Shopping; nonempty drawer shall show Proceed to Checkout and close when navigating; cart UI currently has no upper quantity cap.","NAV, CART","Empty/nonempty, close, quantity above API limit","","","Not executed","","",""
"CHK-01","Demo checkout","P0","C","Order submission shall require valid customer bearer token and nonempty cart; UI disables guest/empty submission and API rejects invalid/expired sessions.","CHECKOUT, CHECKOUTUI","Guest, expired token, forged user ID, empty cart","","","Not executed","","",""
"CHK-02","Demo checkout","P1","C","All five shipping fields shall be nonempty after server trimming: full name, phone, address, city, postal code; current server truncation limits in section 7 apply.","CHECKOUT, CHECKOUTUI","Missing/whitespace fields, limits, numeric-looking strings","","","Not executed","","",""
"CHK-03","Demo checkout","P0","C","Request shall contain 1–50 raw item entries and each normalized variant quantity shall be an integer 1–20; duplicate tuples merge and merged quantity above 20 fails.","CHECKOUT","0/1/50/51 lines, quantity 0/1/20/21/fraction, duplicates","","","Not executed","","",""
"CHK-04","Demo checkout","P1","D","Checkout shall offer demo card and simulated cash on delivery, clearly state no charge/delivery, and collect/send no card details. Current card flow adds a roughly 1.2-second simulation delay; no decline branch exists. README describes these limits; the UI approval-or-decline label remains misleading (G-11).","CHECKOUTUI, CHECKOUT, PROJECTDOCS","Both methods, request payload, README/current UI distinction, stale UI decline copy G-11","G-11","","Not executed","","",""
"CHK-05","Demo checkout","P0","C","Server shall fetch current inventory and use database price snapshots, ignoring browser-supplied prices/totals; selected size inventory applies when size is sent.","CHECKOUT, DEMOMIG","Price tampering, stale price, removed product","","","Not executed","","",""
"CHK-06","Demo checkout","P0","C","A successful transaction shall create one pending order and all lines with quantity, unit price, size/color; decrement inventory and set total to sum of snapshots.","CHECKOUT, DEMOMIG","Sized/unsized/multi-line transactions, shared color stock","","","Not executed","","",""
"CHK-07","Demo checkout","P0","C","Insufficient stock at precheck or transaction shall return conflict; transaction failure shall leave no partial order/lines/stock decrement. Competing orders must not oversell.","CHECKOUT, DEMOMIG","Last unit concurrency, later-line failure, DB failure","G-24","","Not executed","","",""
"CHK-08","Demo checkout","P1","C","On successful returned order ID, UI shall clear cart and show confirmation/ID and Continue Shopping; API failure shall show error and keep cart.","CHECKOUTUI","Success, error response, malformed response, network rejection G-15","G-15","","Not executed","","",""
"CHK-09","Demo checkout","P0","P","Order service shall reject unsupported size/color and prevent duplicate orders from replay; current validation lacks catalog-option enforcement and idempotency (G-08, G-14).","CHECKOUT, DEMOMIG","Invalid option, sized item without size, repeated identical POST","G-08; G-14","","Not executed","","",""
"ORD-01","Customer orders","P0","C","Customers shall retrieve only their own orders, newest first, including order lines; guest, loading, error and no-order states shall be distinct.","HISTORY, SCHEMA, CHECKOUTSEC","Two-account ownership, direct reads, empty/error","","","Not executed","","",""
"ORD-02","Customer orders","P1","C","Order cards shall show short ID, date, formatted total and status; expanding one order shows product/image, quantity, line total and payment label.","HISTORY","Expand/collapse, deleted product fallback, all statuses","","","Not executed","","",""
"ORD-03","Customer orders","P1","P","Selected size/color shall remain stored and should be visible in history/admin detail; the current views retrieve them but omit presentation (G-07).","HISTORY, ADMIN, DEMOMIG","Variant persistence versus rendered detail","G-07","","Not executed","","",""
"REV-01","Reviews and moderation","P1","P","Review form requires nonblank displayed name/comment and stars; it sends a customer bearer token to the server review route, which stores a pending product/user/rating/comment and optional owned image URLs. Displayed name is still omitted from storage (G-03).","DETAIL, REVIEWSAPI, SECURITYMIG","Missing fields, guest, rating 1/5, returned anonymous name, direct DB write denial","G-03","","Not executed","","",""
"REV-02","Reviews and moderation","P1","I","Review upload accepts 1–3 JPEG/PNG/WebP files of 1 byte–2 MiB each for an authenticated user and existing product, checks file signatures, and limits each account to 10 upload requests per day. New files use the private review-images bucket created by the hardening migration; moderators use ten-minute signed URLs. Historical public files and orphan cleanup remain open.","DETAIL, REVIEWUPLOAD, MODPAGE, SECURITYMIG, RATELIMIT","File count/size/signature, forged MIME, invalid token/product, account limit, private bucket, signed URL expiry","","","Not executed","","",""
"REV-03","Reviews and moderation","P1","I","Submission keeps form data during upload/save, shows an error on failure, and clears it only after server creation. A successful pending review is acknowledged as awaiting approval and is not placed in the public list.","DETAIL, REVIEWSAPI","Successful pending response, upload/API/network failure, retry/data retention","G-03","","Not executed","","",""
"REV-04","Reviews and moderation","P0","I","Public review API and detail query show approved rows only; database SELECT allows approved reviews or the author's own pending rows, and customer review writes are revoked. Server creation forces pending. Applied-policy/live visibility remains to be verified (G-04).","DETAIL, REVIEWSAPI, SCHEMA, REVIEWMIG, SECURITYMIG","Visitor/customer pending visibility, direct INSERT/UPDATE/DELETE denial, approval tampering, rating consistency","G-04","","Not executed","","",""
"REV-05","Reviews and moderation","P1","C","Direct /admin/reviews shall list pending reviews and let a cookie-authenticated admin approve/delete; approval records moderation time and updates database approved aggregates.","MODPAGE, MODAPI, SCHEMA","Valid/expired admin, approval/deletion, pending empty state","","","Not executed","","",""
"REV-06","Reviews and moderation","P1","P","Admin sidebar retrieves all reviews through the cookie-protected API and remains read-only; the separate pending page has moderation actions, and form results return JSON (G-05). Navigation/return flow remains incomplete.","ADMIN, MODPAGE, MODAPI","Both entry paths, signed-cookie all-review list, form submission and return flow","G-05","","Not executed","","",""
"REV-07","Reviews and moderation","P1","P","Admin shall be able to save/remove a reply and customers shall read persisted reply text; helper functions exist without visible reply controls and reply columns are missing from supplied schema/migrations (G-03, G-05).","ADMIN, DETAIL, SCHEMA, REVIEWMIG","No false success, reply persistence, public display","G-03; G-05; G-06","","Not executed","","",""
"RST-01","Restock alerts","P1","C","Available alert UI shall accept email for an unavailable item/selected size and save product/email/size/color without customer authentication; invalid email/product shall fail. Specific unavailable-size selection is a UI gap (G-09).","DETAIL, RESTOCK","Guest, whole-product versus size request, invalid product/email","G-09","","Not executed","","",""
"RST-02","Restock alerts","P1","C","Email shall be trimmed/lowercased; duplicate pending product/email/size/color requests shall return already_subscribed; otherwise create one pending record and token.","RESTOCK, DEMOMIG","Case, null options, concurrent duplicate uniqueness","","","Not executed","","",""
"RST-03","Restock alerts","P1","C","Response/UI shall distinguish saved-with-mail-enabled from saved-with-mail-disabled; absent delivery configuration shall keep pending requests.","RESTOCK, DETAIL, NOTIFY","Mail on/off, missing database, queued response","","","Not executed","","",""
"RST-04","Restock alerts","P0","P","Admin positive stock save can trigger up to 100 pending product requests, filtering by size when supplied, and mark successful sends notified; true stock/transition checks, retry scheduling and robust deduplication are incomplete (G-12).","ADMIN, NOTIFY","Size eligibility, provider failure, repeated/concurrent batches","G-12","","Not executed","","",""
"RST-05","Restock alerts","P1","C","GET/POST token unsubscribe shall delete the matching alert and return plain confirmation; malformed token fails, well-formed already-removed token is still successful; public clients cannot directly read the alert table.","UNSUB, DEMOMIG","Valid/repeated/malformed token, privacy/RLS","","","Not executed","","",""
"ADM-01","Admin access and dashboard","P0","I","Production admin login requires a named account with its scrypt password hash and a distinct session-signing secret; it issues a one-hour HttpOnly/SameSite=Lax cookie, Secure in production. The browser collects username/password; nonproduction may use the legacy dev key. MFA and live credential provisioning remain open.","ADMINLOGIN, ADMINAUTH, RATELIMIT","Wrong username/password, missing production config, cookie claims/attributes, legacy key denied in production, MFA gap","G-16","","Not executed","","",""
"ADM-02","Admin access and dashboard","P0","P","Server mutations/private reads shall require admin authority independent of local UI flag; product writes and reply helpers do not use that authority in current implementation (G-06).","ADMIN, ADMINAUTH, ADMINAPIS, SCHEMA","Fake local flag, expired/forged cookie, customer-only session","G-06","","Not executed","","",""
"ADM-03","Admin access and dashboard","P0","C","Sidebar logout shall POST the cookie-clearing endpoint and wait for success before removing the local flag and replacing the route with /admin. Failed requests preserve the session and display retry feedback. After successful logout the same browser's protected APIs deny access. This clears the browser cookie; copied signed tokens retain their original expiry.","ADMIN, ADMINLOGOUT","Cookie/flag after sidebar logout, API rejection, request failure/retry, endpoint contracts","G-13","","Not executed","","",""
"ADM-04","Admin access and dashboard","P1","C","Dashboard shall show product/stock/out-of-stock/low-stock counts, up to five newest orders, inventory warning and quick links; no-order state shall display when empty.","ADMIN","Known fixture metrics, newest five, route/sidebar state","","","Not executed","","",""
"PRD-01","Admin product management","P1","C","Admin product table shall list newest created products and combine case-insensitive name search with exact category filter, showing no-match state.","ADMIN","Search, category, combined/empty, reload","","","Not executed","","",""
"PRD-02","Admin product management","P1","P","Add/edit shall save name/category/price/overall stock/description/sizes/main image/image list and reflect persisted values; current anonymous-client writes lack admin write policies (G-06).","ADMIN, SCHEMA","Create/edit/reload, permission denied, failed save feedback","G-06","","Not executed","","",""
"PRD-03","Admin product management","P0","P","Product saves shall enforce nonblank name, finite nonnegative price and integer nonnegative stock; current check only ensures name/price presence and parsing (G-17).","ADMIN, SCHEMA","Whitespace, zero, negative, fraction, invalid number","G-06; G-17","","Not executed","","",""
"PRD-04","Admin product management","P1","C","Product image form shall append pasted URL or one uploaded image per selection, set first image as main, and promote first remaining image when one is removed; uploads use product-images bucket.","ADMIN","Multiple sequential adds, delete first/last, upload failure/host","G-06","","Not executed","","",""
"PRD-05","Admin product management","P1","P","Sizes shall be selectable from XS–XXL and 36–44; new sized products initialize zero stock rows. Editing sizes shall synchronize rows/aggregate stock, which is currently incomplete (G-18).","ADMIN, DEMOMIG","Add/remove size, zero initialized rows, old stock","G-06; G-18","","Not executed","","",""
"PRD-06","Admin product management","P1","P","Delete shall require confirmation and reflect actual database removal; dependent favorite/review/size/alert rows cascade and historical order lines retain price/quantity with null product. Permission/error reporting gap applies.","ADMIN, SCHEMA, DEMOMIG","Cancel/confirm, referenced product, failed delete, history","G-06","","Not executed","","",""
"STK-01","Admin stock","P0","C","Stock view shall expose one row per configured size or one Overall row for unsized products; edits save on field blur through protected stock PATCH.","ADMIN, STOCKAPI","Sized/unsized, blur versus typing, expired cookie","","","Not executed","","",""
"STK-02","Admin stock","P0","C","Stock API shall reject negative/noninteger values; size save shall upsert product/size row and recalculate product stock from all stored size rows.","STOCKAPI","0/1/4/5, negative/fraction, missing/existing row","","","Not executed","","",""
"STK-03","Admin stock","P1","I","Row labels shall be Out of stock for zero, Low stock for 1–4, Available for 5+; dashboard low-stock count currently considers sized products only.","ADMIN","Thresholds, unsized low stock discrepancy","","","Not executed","","",""
"STK-04","Admin stock","P0","P","Size/overall inventory shall remain consistent on failures/concurrent saves; current multi-request stock update is not atomic and size membership is not enforced (G-18).","STOCKAPI, ADMIN","Failure between writes, concurrent edits, unsupported size","G-08; G-18","","Not executed","","",""
"AOR-01","Admin orders and users","P0","C","Admin shall retrieve orders/lines newest first through authenticated API; table shall show ID/customer ID/INR total/status/date and View action.","ADMIN, ADMINAPIS","All versus own orders, expired cookie, retrieval failure","","","Not executed","","",""
"AOR-02","Admin orders and users","P1","I","Order search shall match order ID or customer ID case-insensitively and combine with exact status filter, distinguishing no orders from no matches.","ADMIN","Partial ID, casing, all five statuses","","","Not executed","","",""
"AOR-03","Admin orders and users","P1","C","View shall open order detail with product/quantity/line totals/order total and status selector; valid status updates persist and appear in customer history on reload.","ADMIN, ADMINAPIS, HISTORY","Open/close, update/reload, failed status change","G-07","","Not executed","","",""
"AOR-04","Admin orders and users","P0","P","Allowed status values are pending/processing/shipped/delivered/cancelled; server currently permits any transition among them and cancellation restores no stock. Lifecycle/stock semantics require decision (G-19).","ADMINAPIS, ADMIN","Unsupported status, backward transition, cancellation","G-19","","Not executed","","",""
"USR-01","Admin orders and users","P1","C","Admin users list shall retrieve at most 200 profiles ordered by updated_at, presenting ID/full name/update time; endpoint shall reject non-admin access.","ADMIN, ADMINAPIS","No profiles, cap 200/201, permissions","","","Not executed","","",""
"USR-02","Admin orders and users","P2","P","User View shall open profile detail only when implemented; current button has no handler. Editing, disabling, deleting or viewing user email are not supported flows.","ADMIN","Inert View control G-20","G-20","","Not executed","","",""
"ANL-01","Analytics and settings","P1","C","Analytics shall show sum of all loaded order totals, order count, average total per order (zero when empty), and stock units in INR/base values. Cancelled orders currently contribute.","ADMIN","Known totals, zero orders, cancelled inclusion","G-19","","Not executed","","",""
"ANL-02","Analytics and settings","P2","I","Order pipeline shall show count and rounded percent for each of five statuses; rounding need not sum to exactly 100%.","ADMIN","Empty and uneven status distribution","G-19","","Not executed","","",""
"ANL-03","Analytics and settings","P1","I","Inventory health shall show healthy=max(products−low−out,0), low/out counts and units derived from configured sizes or unsized stock.","ADMIN","Sized-only low count, inconsistent stored rows","G-19","","Not executed","","",""
"ANL-04","Analytics and settings","P2","C","Top products shall rank up to five currently existing products by quantities in all loaded orders, including cancelled orders; empty sales state shall be shown.","ADMIN","Ties, deleted product, cancelled items, no sales","G-19","","Not executed","","",""
"ANL-05","Analytics and settings","P2","C","Customer signal shall show loaded review count and mean rating to one decimal, zero when empty; current calculation is not approved-only.","ADMIN","Mixed approvals, 0/1/multiple reviews","G-19","","Not executed","","",""
"SET-01","Analytics and settings","P2","D","Settings shall display store identity and catalog/category counts; database label is hardcoded. No configuration save, working feature toggles or live connectivity probe exists.","ADMIN","Read-only presentation, misleading connectivity G-21","G-21","","Not executed","","",""
"CNT-01","Content and operational utilities","P1","D","Footer newsletter shall require an email-shaped value, then show preview-only/no-save/no-send feedback. There shall be no implied successful real subscription.","FOOTER, INFO","Invalid/valid email, no network subscription/write","","","Not executed","","",""
"CNT-02","Content and operational utilities","P1","I","Footer shall link all categories, favorites, privacy, terms and maintainer GitHub; information pages shall provide return-home navigation.","FOOTER, INFO","All destinations and external link attributes","","","Not executed","","",""
"CNT-03","Content and operational utilities","P1","D","Home/checkout/privacy/terms shall explain demo limits and stored demo data; generic shipping/returns copy and confirmation wording need alignment (G-22).","HOME, INFO, DETAIL, CHECKOUTUI","Content consistency and fictional data guidance","G-22","","Not executed","","",""
"CNT-04","Content and operational utilities","P2","T","Holiday countdown component exists but is not mounted by current pages; enabling it needs scope confirmation. It counts to local-browser 31 Dec 2026 23:59:59, clamps at zero, and applies no discount.","SALE, SHELL","Exclude from current UI pass criteria; future timer tests","G-22","","Not executed","","",""
"OPS-01","Content and operational utilities","P2","I","GET health shall return status ok and timestamp; it is application liveness, not a database/service readiness proof.","HEALTH","JSON and timestamp, no inferred DB health","","","Not executed","","",""
"OPS-02","Content and operational utilities","P0","P","Test reset shall be nonproduction and test-secret protected; it attempts catalog/favorite/cart/review cleanup and reseed but omits orders/local storage and ignores delete errors (G-23).","TESTAPI","Production 404, wrong secret 401, partial reset","G-23","","Not executed","","",""
"OPS-03","Content and operational utilities","P1","C","Test seed-user shall create a confirmed test user or reset an existing matched user's password, guarded by nonproduction plus separate test secret; inputs or configured defaults are required.","TESTAPI","New/existing user, missing fields, auth/production","","","Not executed","","",""
"OPS-04","Content and operational utilities","P1","C","Dev create-user shall be disabled in production, require x-dev-key when configured, and cap counted dev_auto users at ten; it shall not overwrite non-dev accounts.","DEVUSER","Limit boundary, existing dev/non-dev, helper fallback","","","Not executed","","",""
"OPS-05","Content and operational utilities","P2","I","Schema endpoint shall return base SQL as plain text or not-found; database-error copy action uses it. It does not include all migrations or fix the database automatically.","SCHEMAAPI, DETAIL","Schema available/missing, clipboard failure","","","Not executed","","",""
"OPS-06","Content and operational utilities","P1","I","Requirements CI shall run the checked-in synchronization regression tests. Build and lint shall reject stale derived documentation, unreviewed tracked website source, or a mismatched review snapshot/log. Synchronization preserves manual fields and archives changed/retired rows; affected executed results become Needs retest. An explicit descriptive review is required to approve source changes and shall never mark tests Passed.","REQTOOLS","Missing snapshot, source drift, CSV manual evidence, retired IDs, repeated sync, review assertions","","","Not executed","","",""
"OPS-07","Content and operational utilities","P1","I","npm run test:ui and test:catalog run sequential Chromium suites using dedicated localhost:3100 servers, fixture credentials and disabled live Supabase/mail integration. Catalog tests intercept a reserved .invalid domain to exercise the configured client. Existing servers are not reused; .next-browser-tests separates test compilation from ordinary development. Suite artifacts use separate directories. Configuration, test and workflow changes require documentation review; scoped mocks/local cookies are not live integration acceptance evidence.","UITEST, REQTOOLS","Reproducible fixtures, no live mutations, cache/server isolation, configured and fallback clients, CI artifacts, source review","","","Not executed","","",""
"OPS-08","Content and operational utilities","P1","I","npm run test:live shall run optional Chromium public-browsing checks against the deployed Vercel origin, with PLAYWRIGHT_BASE_URL accepting another HTTP(S) origin without credentials/path/query/fragment. No local server is launched or authenticated storage reused. The suite checks homepage, seven populated collections without fallback warnings, search, product detail, mobile navigation, information pages and admin login rendering. It blocks mutating HTTP methods and known helper/logout paths, and fails attempted writes. It does not authenticate, submit commerce/customer/admin changes or establish their acceptance. Artifacts use test-results/live; live checks remain separate from deployment-racing push CI.","LIVETEST, REQTOOLS","Correct target, no local startup, public data available, state-changing requests blocked, separate artifacts and acceptance limits","","","Not executed","","",""
"OPS-09","Content and operational utilities","P1","I","`npm run security:check-db` shall inspect the target database read-only for review RLS/grants, direct order-insert policy removal, private review bucket, limiter RLS/RPC permissions and checkout RPC restrictions. It requires an explicitly supplied `DATABASE_URL`; a pass does not replace live role tests or prove the correct deployment is connected.","SECCHECK, SECURITYMIG, CHECKOUTSEC","Missing URL, correct target, pass/fail grants, bucket and policy inventory, no writes/secrets in output","","","Not executed","","",""
"NFR-01","Nonfunctional requirements","P0","P","Customer-owned data and admin actions shall enforce ownership/authority server-side or in RLS; public users shall not forge totals, moderation or another customer's records. Review direct writes are removed in source, but deployed grants/policies and remaining admin product/reply writes must be verified or scoped as blockers.","SCHEMA, REVIEWMIG, SECURITYMIG, CHECKOUTSEC, ADMINAPIS","Cross-user reads/writes, review approval tampering, fake admin flag, applied policy","G-04; G-24","","Not executed","","",""
"NFR-02","Nonfunctional requirements","P0","I","Service-role, per-admin password hashes, signing/rate-limit secrets, mail and test secrets stay server-side; QA utilities stay blocked in production. Production admin sessions use a separate signing secret and secure cookie attributes. Live environment/secret provisioning and MFA are unverified.","ADMINAUTH, ADMINLOGIN, TESTAPI, DEVUSER, CHECKOUT","Client bundle/network/log exposure, production guards, secret separation/rotation, MFA gap","","","Not executed","","",""
"NFR-03","Nonfunctional requirements","P1","P","Failed services shall show actionable feedback, preserve recoverable user state and avoid false success/partial inventory writes; fallback browsing must be distinguishable from working commerce in acceptance evidence.","NAV, CART, LIST, DETAIL, ADMIN, CHECKOUTUI, STOCKAPI","Offline/timeout/DB/upload/provider/storage errors, retry","G-15","","Not executed","","",""
"NFR-04","Nonfunctional requirements","P1","T","Agree and verify responsive support at 375px mobile, 768px tablet and 1440px desktop, with no clipped essential controls; proposed browsers are current Chromium, Firefox and WebKit.","NAV, LIST, DETAIL, ADMIN","Touch/hover differences, drawers, tables, horizontal scroll","","","Not executed","","",""
"NFR-05","Nonfunctional requirements","P1","T","Proposed accessibility target is WCAG 2.2 AA; assess keyboard operation, meaningful labels, focus placement/trapping/restoration, contrast, announcements and reduced motion. Existing labels are not proof of conformance.","NAV, DETAIL, HOME, LIST","Keyboard-only/screen-reader audits, modal focus, hidden controls","","","Not executed","","",""
"NFR-06","Nonfunctional requirements","P2","T","Agree measurable performance targets and dataset/network conditions before benchmarking; evaluate initial rendering, campaign-media weight, large catalogs and admin full-dataset reads. No current SLA is supplied.","HOME, LIST, ADMIN, REGION","Representative load, slow network, long lists, image sizes","","","Not executed","","",""
"NFR-07","Nonfunctional requirements","P1","P","User-facing claims shall match demo capability; analytics shall state its population, settings must not imply live health, and stock/email order safety shall hold under concurrent operations.","INFO, ADMIN, NOTIFY, DEMOMIG","Content, metric definitions, concurrency/replay","G-24","","Not executed","","",""
"NFR-08","Nonfunctional requirements","P1","I","Admin login, checkout, review creation/upload and restock subscription shall use one atomic production database rate-limit counter across instances; missing shared configuration/RPC fails closed with 503 on those routes. Keys are HMAC-hashed, and the ingress proxy must append or overwrite x-forwarded-for. Nonproduction may use a process-local fallback.","RATELIMIT, SECURITYMIG, ADMINLOGIN, CHECKOUT, RESTOCK, REVIEWSAPI, REVIEWUPLOAD","Multi-instance limits, 429 boundary, 503 unavailable, proxy-spoof test, account upload quota","G-24","","Not executed","","",""
